filename,width,height,class,xmin,ymin,xmax,ymax
1.jpg,614,346,person,120,138,171,202
1.jpg,614,346,person,286,97,344,181
1.jpg,614,346,person,525,144,574,269
1.jpg,614,346,person,1,300,51,345
1.jpg,614,346,person,254,219,312,320
1.jpg,614,346,person,91,266,164,344
1.jpg,614,346,person,72,266,118,340
1.jpg,614,346,person,242,76,266,109
1.jpg,614,346,person,315,260,385,346
13.jpg,614,346,person,282,173,341,305
13.jpg,614,346,person,247,276,289,346
13.jpg,614,346,person,228,148,279,266
13.jpg,614,346,person,258,86,284,149
13.jpg,614,346,person,183,87,201,129
16265225_425676011107700_2957506128560332808_n.jpg,960,720,person,230,185,344,644
16265225_425676011107700_2957506128560332808_n.jpg,960,720,person,336,164,413,595
16265225_425676011107700_2957506128560332808_n.jpg,960,720,person,408,171,495,596
16265225_425676011107700_2957506128560332808_n.jpg,960,720,person,498,188,592,617
16265225_425676011107700_2957506128560332808_n.jpg,960,720,person,581,166,683,623
2.jpg,614,346,person,134,189,178,282
2.jpg,614,346,person,206,154,259,248
2.jpg,614,346,person,180,194,226,265
2.jpg,614,346,person,45,151,76,189
24991049_459862371078031_8980733245322946189_n.jpg,960,960,person,230,122,459,959
26.jpg,614,346,person,467,213,520,345
26.jpg,614,346,person,409,219,469,346
26.jpg,614,346,person,378,92,407,175
26.jpg,614,346,person,351,121,378,171
26.jpg,614,346,person,368,60,385,118
26.jpg,614,346,person,357,87,370,117
26.jpg,614,346,person,332,43,350,87
31.jpg,614,346,person,137,189,176,311
31.jpg,614,346,person,244,230,283,309
31.jpg,614,346,person,205,223,255,329
31.jpg,614,346,person,207,130,247,220
31.jpg,614,346,person,164,139,194,173
31.jpg,614,346,person,165,177,194,209
31.jpg,614,346,person,189,184,215,229
31.jpg,614,346,person,511,126,533,160
36160207_483231048797174_832201616416309248_n.jpg,480,480,person,100,3,354,480
38.jpg,614,346,person,183,227,236,342
38.jpg,614,346,person,138,240,186,341
39.jpg,614,346,person,7,289,60,346
39.jpg,614,346,person,194,234,225,286
39.jpg,614,346,person,153,206,201,304
39.jpg,614,346,person,239,178,267,240
39.jpg,614,346,person,110,192,153,291
39.jpg,614,346,person,155,142,184,175
39.jpg,614,346,person,163,177,183,206
39.jpg,614,346,person,384,86,415,163
39.jpg,614,346,person,431,64,464,119
39.jpg,614,346,person,349,47,365,69
46.jpg,614,343,person,200,210,251,320
46.jpg,614,343,person,154,266,198,339
46.jpg,614,343,person,373,104,400,193
46.jpg,614,343,person,87,58,97,81
46.jpg,614,343,person,133,50,145,77
46.jpg,614,343,person,146,46,159,78
58441531_1182157041944869_3175663320757698560_n.jpg,960,640,person,765,204,865,632
58441531_1182157041944869_3175663320757698560_n.jpg,960,640,person,681,190,769,635
58441531_1182157041944869_3175663320757698560_n.jpg,960,640,person,99,240,204,634
58441531_1182157041944869_3175663320757698560_n.jpg,960,640,person,174,210,261,602
58441531_1182157041944869_3175663320757698560_n.jpg,960,640,person,256,197,341,614
58441531_1182157041944869_3175663320757698560_n.jpg,960,640,person,345,201,442,602
58441531_1182157041944869_3175663320757698560_n.jpg,960,640,person,434,198,507,595
58441531_1182157041944869_3175663320757698560_n.jpg,960,640,person,504,214,592,613
58441531_1182157041944869_3175663320757698560_n.jpg,960,640,person,597,221,673,629
58441531_1182157041944869_3175663320757698560_n.jpg,960,640,person,82,161,139,221
58441531_1182157041944869_3175663320757698560_n.jpg,960,640,person,584,168,623,218
58441531_1182157041944869_3175663320757698560_n.jpg,960,640,person,635,182,667,234
58462144_2033819596726477_6062234961212080128_n.jpg,960,641,person,21,296,122,613
58462144_2033819596726477_6062234961212080128_n.jpg,960,641,person,126,290,198,594
58462144_2033819596726477_6062234961212080128_n.jpg,960,641,person,201,293,285,593
58462144_2033819596726477_6062234961212080128_n.jpg,960,641,person,268,303,319,596
58462144_2033819596726477_6062234961212080128_n.jpg,960,641,person,318,305,366,574
58462144_2033819596726477_6062234961212080128_n.jpg,960,641,person,366,312,408,568
58462144_2033819596726477_6062234961212080128_n.jpg,960,641,person,408,315,456,574
58462144_2033819596726477_6062234961212080128_n.jpg,960,641,person,455,311,518,576
58462144_2033819596726477_6062234961212080128_n.jpg,960,641,person,516,304,576,571
58462144_2033819596726477_6062234961212080128_n.jpg,960,641,person,570,316,637,580
58462144_2033819596726477_6062234961212080128_n.jpg,960,641,person,632,316,704,580
58462144_2033819596726477_6062234961212080128_n.jpg,960,641,person,705,312,769,583
58462144_2033819596726477_6062234961212080128_n.jpg,960,641,person,761,300,815,569
58462144_2033819596726477_6062234961212080128_n.jpg,960,641,person,817,299,877,568
58462144_2033819596726477_6062234961212080128_n.jpg,960,641,person,886,306,947,568
59286241_2708141182533299_2614450600003239936_n.jpg,960,640,person,89,189,217,625
59286241_2708141182533299_2614450600003239936_n.jpg,960,640,person,210,186,327,623
59286241_2708141182533299_2614450600003239936_n.jpg,960,640,person,341,160,477,628
59286241_2708141182533299_2614450600003239936_n.jpg,960,640,person,499,215,616,497
59286241_2708141182533299_2614450600003239936_n.jpg,960,640,person,623,157,756,498
59286241_2708141182533299_2614450600003239936_n.jpg,960,640,person,764,209,910,498
59286241_2708141182533299_2614450600003239936_n.jpg,960,640,person,462,181,523,275
59286241_2708141182533299_2614450600003239936_n.jpg,960,640,person,315,191,374,249
59286241_2708141182533299_2614450600003239936_n.jpg,960,640,person,12,280,64,358
619-08589944en_Masterfile.jpg,450,367,person,151,115,260,367
619-08589944en_Masterfile.jpg,450,367,person,254,53,433,367
630-01708743en_Masterfile.jpg,299,450,person,196,169,299,447
630-01873697en_Masterfile.jpg,451,450,person,91,41,200,448
630-01873697en_Masterfile.jpg,451,450,person,225,36,450,450
630-03480222en_Masterfile.jpg,450,298,person,293,100,398,297
630-03480222en_Masterfile.jpg,450,298,person,200,108,291,298
630-03480222en_Masterfile.jpg,450,298,person,75,36,137,298
630-03480222en_Masterfile.jpg,450,298,person,125,18,206,298
630-06723383en_Masterfile.jpg,450,319,person,255,13,433,318
7.jpg,614,346,person,408,148,445,281
7.jpg,614,346,person,363,144,400,244
7.jpg,614,346,person,418,114,444,155
7.jpg,614,346,person,425,76,437,112
7.jpg,614,346,person,415,86,425,107
7.jpg,614,346,person,456,72,470,96
7.jpg,614,346,person,133,85,160,123
7.jpg,614,346,person,534,52,542,69
7.jpg,614,346,person,525,48,533,72
7.jpg,614,346,person,11,52,20,72
841-06031264en_Masterfile.jpg,450,299,person,83,126,153,298
841-06031264en_Masterfile.jpg,450,299,person,218,124,282,296
841-06031264en_Masterfile.jpg,450,299,person,320,131,392,295
Blouse-back-side-designs-for-sarees.jpg,768,768,person,183,14,534,751
c8f9aa88bc9288fd9e24601446d4f473.jpg,1065,1600,person,221,223,831,1600
C9Di-hsUIAAS_bm.jpg,799,1200,person,289,34,713,1118
cam_00344.jpg,384,288,person,164,10,198,134
cam_00804.jpg,384,288,person,210,66,251,209
cam_00804.jpg,384,288,person,256,88,295,237
cam_00804.jpg,384,288,person,371,80,384,161
cam_00815.jpg,384,288,person,207,70,248,218
cam_00815.jpg,384,288,person,280,89,324,239
cam_00815.jpg,384,288,person,367,79,384,160
cam_00819.jpg,384,288,person,206,76,247,221
cam_00819.jpg,384,288,person,287,86,326,239
cam_00819.jpg,384,288,person,372,82,384,160
cam_01142.jpg,384,288,person,147,78,186,241
cam_01142.jpg,384,288,person,228,71,265,191
cam_01142.jpg,384,288,person,270,85,315,228
cam_01142.jpg,384,288,person,369,68,384,157
cam_01146.jpg,384,288,person,146,78,185,244
cam_01146.jpg,384,288,person,221,72,260,196
cam_01146.jpg,384,288,person,272,86,311,223
cam_01146.jpg,384,288,person,367,63,384,157
cam_01164.jpg,384,288,person,152,81,180,241
cam_01164.jpg,384,288,person,265,73,301,213
cam_01164.jpg,384,288,person,182,75,207,193
cam_01164.jpg,384,288,person,366,67,384,159
cam_01177.jpg,384,288,person,249,64,285,192
cam_01177.jpg,384,288,person,155,78,189,242
cam_01177.jpg,384,288,person,135,80,154,205
cam_01177.jpg,384,288,person,369,68,382,165
cam_01265.jpg,384,288,person,100,58,138,189
cam_01265.jpg,384,288,person,193,78,241,231
cam_01265.jpg,384,288,person,304,91,347,233
cam_01265.jpg,384,288,person,369,65,384,162
cam_01619.jpg,384,288,person,133,54,168,181
cam_01619.jpg,384,288,person,188,78,214,206
cam_01619.jpg,384,288,person,221,84,266,260
cam_01619.jpg,384,288,person,353,61,381,176
cam_01637.jpg,384,288,person,151,80,197,221
cam_01637.jpg,384,288,person,213,85,265,240
cam_01637.jpg,384,288,person,293,56,332,186
cam_01637.jpg,384,288,person,117,61,155,185
cam_01637.jpg,384,288,person,365,67,384,156
cam_01639.jpg,384,288,person,117,56,153,196
cam_01639.jpg,384,288,person,151,81,196,215
cam_01639.jpg,384,288,person,213,77,263,240
cam_01639.jpg,384,288,person,288,56,327,188
cam_01639.jpg,384,288,person,369,70,384,157
cam_01699.jpg,384,288,person,118,74,146,219
cam_01699.jpg,384,288,person,145,49,176,194
cam_01699.jpg,384,288,person,194,102,244,269
cam_01699.jpg,384,288,person,240,74,279,202
cam_01699.jpg,384,288,person,365,76,384,152
cam_01788.jpg,384,288,person,149,54,188,197
cam_01788.jpg,384,288,person,200,85,241,237
cam_01788.jpg,384,288,person,241,68,274,202
cam_01788.jpg,384,288,person,290,92,334,244
cam_01788.jpg,384,288,person,365,73,384,158
cam_01959.jpg,384,288,person,84,73,127,203
cam_01959.jpg,384,288,person,135,93,180,260
cam_01959.jpg,384,288,person,264,72,311,210
cam_01959.jpg,384,288,person,336,83,384,217
cam_01959.jpg,384,288,person,375,75,384,114
cam_02056.jpg,384,288,person,139,63,185,200
cam_02056.jpg,384,288,person,195,102,238,264
cam_02056.jpg,384,288,person,226,82,261,206
cam_02056.jpg,384,288,person,219,51,249,85
cam_02056.jpg,384,288,person,366,75,384,164
cam_02069.jpg,384,288,person,124,58,169,178
cam_02069.jpg,384,288,person,194,52,221,179
cam_02069.jpg,384,288,person,220,104,252,262
cam_02069.jpg,384,288,person,234,80,268,109
cam_02069.jpg,384,288,person,367,75,384,168
cam_02247.jpg,384,288,person,129,57,167,228
cam_02247.jpg,384,288,person,170,78,197,206
cam_02247.jpg,384,288,person,175,56,200,76
cam_02247.jpg,384,288,person,259,66,297,215
cam_02247.jpg,384,288,person,312,81,348,223
cam_02247.jpg,384,288,person,367,78,384,161
cam_02308.jpg,384,288,person,187,100,224,252
cam_02308.jpg,384,288,person,262,121,308,280
cam_02308.jpg,384,288,person,185,51,221,104
cam_02308.jpg,384,288,person,226,74,254,221
cam_02308.jpg,384,288,person,262,56,285,119
cam_02308.jpg,384,288,person,365,75,384,158
cam_02351.jpg,384,288,person,127,106,184,269
cam_02351.jpg,384,288,person,242,90,280,242
cam_02351.jpg,384,288,person,298,82,344,240
cam_02351.jpg,384,288,person,214,79,249,231
cam_02351.jpg,384,288,person,127,62,172,104
cam_02351.jpg,384,288,person,366,74,384,159
cam_02364.jpg,384,288,person,113,93,163,258
cam_02364.jpg,384,288,person,147,62,193,230
cam_02364.jpg,384,288,person,201,81,244,231
cam_02364.jpg,384,288,person,293,90,326,261
cam_02364.jpg,384,288,person,255,90,288,230
cam_02364.jpg,384,288,person,370,71,384,160
cam_02460.jpg,384,288,person,291,62,341,226
cam_02460.jpg,384,288,person,162,87,201,241
cam_02460.jpg,384,288,person,194,68,250,216
cam_02460.jpg,384,288,person,142,73,163,182
cam_02460.jpg,384,288,person,182,53,206,84
cam_02460.jpg,384,288,person,365,78,384,162
cam_02530.jpg,384,288,person,134,86,183,235
cam_02530.jpg,384,288,person,213,83,255,265
cam_02530.jpg,384,288,person,260,73,287,199
cam_02530.jpg,384,288,person,317,59,349,176
cam_02530.jpg,384,288,person,160,53,188,84
cam_02530.jpg,384,288,person,369,80,384,160
cam_02555.jpg,384,288,person,111,44,152,172
cam_02555.jpg,384,288,person,175,102,225,253
cam_02555.jpg,384,288,person,273,88,322,251
cam_02555.jpg,384,288,person,325,73,350,192
cam_02555.jpg,384,288,person,227,60,249,188
cam_02555.jpg,384,288,person,361,78,382,159
cam_02621.jpg,384,288,person,122,78,170,215
cam_02621.jpg,384,288,person,216,62,250,197
cam_02621.jpg,384,288,person,255,76,291,205
cam_02621.jpg,384,288,person,289,94,328,247
cam_02621.jpg,384,288,person,331,102,370,245
cam_02621.jpg,384,288,person,369,84,384,130
cam_02629.jpg,384,288,person,110,86,162,229
cam_02629.jpg,384,288,person,193,63,232,193
cam_02629.jpg,384,288,person,234,79,275,212
cam_02629.jpg,384,288,person,289,90,324,228
cam_02629.jpg,384,288,person,322,103,357,259
cam_02629.jpg,384,288,person,362,81,384,160
cam_02629.jpg,384,288,person,232,53,252,101
cam_02757.jpg,384,288,person,151,82,202,241
cam_02757.jpg,384,288,person,264,84,321,240
cam_02757.jpg,384,288,person,202,62,240,179
cam_02757.jpg,384,288,person,265,72,288,112
cam_02757.jpg,384,288,person,127,66,165,101
cam_02757.jpg,384,288,person,127,120,159,205
cam_02757.jpg,384,288,person,363,76,384,163
cam_02771.jpg,384,288,person,160,82,215,254
cam_02771.jpg,384,288,person,287,75,334,237
cam_02771.jpg,384,288,person,210,49,242,176
cam_02771.jpg,384,288,person,251,70,283,199
cam_02771.jpg,384,288,person,121,68,157,183
cam_02771.jpg,384,288,person,155,82,179,108
cam_02771.jpg,384,288,person,362,72,381,168
cam_02852.jpg,384,288,person,118,111,168,278
cam_02852.jpg,384,288,person,119,75,153,109
cam_02852.jpg,384,288,person,163,56,198,171
cam_02852.jpg,384,288,person,197,74,231,233
cam_02852.jpg,384,288,person,267,86,317,250
cam_02852.jpg,384,288,person,251,86,281,111
cam_02852.jpg,384,288,person,366,71,384,155
cam_02947.jpg,384,288,person,85,82,136,228
cam_02947.jpg,384,288,person,138,94,186,268
cam_02947.jpg,384,288,person,232,101,276,270
cam_02947.jpg,384,288,person,272,77,311,193
cam_02947.jpg,384,288,person,172,68,205,211
cam_02947.jpg,384,288,person,200,53,231,183
cam_02947.jpg,384,288,person,366,71,384,161
cam_03209.jpg,384,288,person,99,82,140,215
cam_03209.jpg,384,288,person,126,65,164,191
cam_03209.jpg,384,288,person,99,57,127,85
cam_03209.jpg,384,288,person,169,83,218,244
cam_03209.jpg,384,288,person,260,108,310,272
cam_03209.jpg,384,288,person,268,68,309,106
cam_03209.jpg,384,288,person,210,77,234,191
cam_03209.jpg,384,288,person,224,51,258,108
cam_03209.jpg,384,288,person,181,67,215,144
cam_03216.jpg,384,288,person,111,85,151,217
cam_03216.jpg,384,288,person,88,61,128,103
cam_03216.jpg,384,288,person,131,66,154,85
cam_03216.jpg,384,288,person,169,64,195,196
cam_03216.jpg,384,288,person,193,79,227,242
cam_03216.jpg,384,288,person,272,97,313,263
cam_03216.jpg,384,288,person,216,53,247,175
cam_03216.jpg,384,288,person,262,66,288,123
cam_03222.jpg,384,288,person,86,62,121,199
cam_03222.jpg,384,288,person,125,85,162,236
cam_03222.jpg,384,288,person,289,89,331,244
cam_03222.jpg,384,288,person,202,75,250,243
cam_03222.jpg,384,288,person,241,58,280,174
cam_03222.jpg,384,288,person,164,63,197,198
cam_03222.jpg,384,288,person,136,68,158,92
cam_03222.jpg,384,288,person,193,48,216,84
cam_03230.jpg,384,288,person,76,67,115,209
cam_03230.jpg,384,288,person,134,91,173,238
cam_03230.jpg,384,288,person,224,79,268,244
cam_03230.jpg,384,288,person,304,92,342,237
cam_03230.jpg,384,288,person,131,59,154,91
cam_03230.jpg,384,288,person,165,63,213,192
cam_03230.jpg,384,288,person,182,50,200,65
cam_03230.jpg,384,288,person,238,58,255,78
cam_03303.jpg,384,288,person,266,100,310,254
cam_03303.jpg,384,288,person,186,85,225,241
cam_03303.jpg,384,288,person,231,74,254,200
cam_03303.jpg,384,288,person,265,74,296,101
cam_03303.jpg,384,288,person,178,49,204,109
cam_03303.jpg,384,288,person,130,73,159,213
cam_03303.jpg,384,288,person,124,46,143,73
cam_03303.jpg,384,288,person,154,61,171,171
cam_03662.jpg,384,288,person,151,58,181,204
cam_03662.jpg,384,288,person,176,84,216,280
cam_03662.jpg,384,288,person,208,121,240,162
cam_03662.jpg,384,288,person,231,140,293,288
cam_03662.jpg,384,288,person,298,101,339,247
cam_03662.jpg,384,288,person,251,75,286,140
cam_03662.jpg,384,288,person,296,72,330,102
cam_03662.jpg,384,288,person,354,62,384,170
cam_03810.jpg,384,288,person,296,65,347,209
cam_03810.jpg,384,288,person,196,92,255,207
cam_03810.jpg,384,288,person,207,59,247,94
cam_03810.jpg,384,288,person,145,113,196,265
cam_03810.jpg,384,288,person,159,75,190,110
cam_03810.jpg,384,288,person,126,71,158,190
cam_03824.jpg,384,288,person,115,106,169,254
cam_03824.jpg,384,288,person,204,108,271,251
cam_03824.jpg,384,288,person,265,59,311,211
cam_03824.jpg,384,288,person,135,71,168,105
cam_03824.jpg,384,288,person,207,64,253,112
cam_03824.jpg,384,288,person,164,68,186,148
cam_03919.jpg,384,288,person,97,34,131,140
cam_03919.jpg,384,288,person,254,44,282,134
cam_03919.jpg,384,288,person,298,66,327,154
cam_03919.jpg,384,288,person,242,153,319,285
cam_03919.jpg,384,288,person,334,171,384,287
cam_03919.jpg,384,288,person,364,82,384,171
cam_03932.jpg,384,288,person,108,32,144,143
cam_03932.jpg,384,288,person,255,45,285,134
cam_03932.jpg,384,288,person,316,58,351,163
cam_03932.jpg,384,288,person,213,134,293,285
cam_03932.jpg,384,288,person,344,187,384,285
cam_03932.jpg,384,288,person,365,64,384,173
cam_04127.jpg,384,288,person,112,30,138,121
cam_04127.jpg,384,288,person,172,49,212,102
cam_04127.jpg,384,288,person,321,61,359,110
cam_04127.jpg,384,288,person,172,101,221,203
cam_04127.jpg,384,288,person,166,202,227,288
cam_04127.jpg,384,288,person,289,113,346,280
cam_04127.jpg,384,288,person,349,194,384,287
cam_04296.jpg,384,288,person,15,120,94,264
cam_04296.jpg,384,288,person,165,204,230,288
cam_04296.jpg,384,288,person,144,104,224,201
cam_04296.jpg,384,288,person,220,32,247,121
cam_04296.jpg,384,288,person,275,41,310,130
cam_04296.jpg,384,288,person,361,56,381,165
cam_04327.jpg,384,288,person,36,130,98,268
cam_04327.jpg,384,288,person,197,153,272,288
cam_04327.jpg,384,288,person,327,159,384,286
cam_04327.jpg,384,288,person,202,45,236,144
cam_04327.jpg,384,288,person,279,40,308,135
cam_04327.jpg,384,288,person,361,52,384,157
d80aeeac5a66b946000dd14a668a475b.jpg,414,960,person,34,12,329,933
d80aeeac5a66b946000dd14a668a475b.jpg,414,960,person,266,89,407,674
d80aeeac5a66b946000dd14a668a475b.jpg,414,960,person,41,92,100,172
download.jpg,273,185,person,196,17,239,181
download.jpg,273,185,person,156,11,184,179
download.jpg,273,185,person,121,14,151,183
download.jpg,273,185,person,88,17,122,182
download.jpg,273,185,person,40,13,84,179
Farewell.jpg,320,240,person,214,92,253,237
Farewell.jpg,320,240,person,185,77,215,225
Farewell.jpg,320,240,person,157,84,185,240
Farewell.jpg,320,240,person,115,76,155,238
Farewell.jpg,320,240,person,79,85,112,235
Farewell.jpg,320,240,person,48,83,84,234
Farewell.jpg,320,240,person,265,77,283,183
Farewell.jpg,320,240,person,300,106,320,163
Farewell.jpg,320,240,person,246,110,264,156
fastest marathon in a sari_tcm25-499935.jpg,684,457,person,278,51,427,454
fastest marathon in a sari_tcm25-499935.jpg,684,457,person,147,67,267,445
fastest marathon in a sari_tcm25-499935.jpg,684,457,person,455,1,623,456
fastest marathon in a sari_tcm25-499935.jpg,684,457,person,11,15,73,271
fastest marathon in a sari_tcm25-499935.jpg,684,457,person,103,2,175,181
fastest marathon in a sari_tcm25-499935.jpg,684,457,person,238,6,290,70
fastest marathon in a sari_tcm25-499935.jpg,684,457,person,443,18,518,75
fastest marathon in a sari_tcm25-499935.jpg,684,457,person,644,18,684,283
fastest marathon in a sari_tcm25-499935.jpg,684,457,person,379,36,432,131
fastest marathon in a sari_tcm25-499935.jpg,684,457,person,295,12,323,65
fastest marathon in a sari_tcm25-499935.jpg,684,457,person,406,5,452,94
FudanPed00004.png,317,318,person,151,44,243,277
FudanPed00004.png,317,318,person,6,46,50,145
FudanPed00004.png,317,318,person,1,56,24,148
FudanPed00007.png,431,305,person,104,53,167,275
FudanPed00007.png,431,305,person,321,65,389,296
FudanPed00007.png,431,305,person,370,57,430,242
FudanPed00007.png,431,305,person,247,81,281,157
FudanPed00007.png,431,305,person,277,81,295,138
FudanPed00008.png,310,363,person,208,123,292,348
FudanPed00008.png,310,363,person,33,140,91,292
FudanPed00008.png,310,363,person,2,141,36,297
FudanPed00009.png,372,353,person,267,112,353,340
FudanPed00009.png,372,353,person,163,98,227,321
FudanPed00009.png,372,353,person,238,125,258,151
FudanPed00009.png,372,353,person,270,117,283,149
FudanPed00009.png,372,353,person,356,123,367,142
FudanPed00009.png,372,353,person,152,126,165,159
FudanPed00009.png,372,353,person,138,125,151,159
FudanPed00010.png,329,314,person,234,70,304,296
FudanPed00010.png,329,314,person,213,164,244,300
FudanPed00012.png,374,307,person,135,57,232,283
FudanPed00012.png,374,307,person,278,41,355,269
FudanPed00013.png,522,398,person,337,147,434,387
FudanPed00015.png,269,279,person,27,37,114,274
FudanPed00015.png,269,279,person,108,37,127,96
FudanPed00015.png,269,279,person,3,40,27,91
FudanPed00015.png,269,279,person,92,45,113,77
FudanPed00015.png,269,279,person,27,48,42,72
FudanPed00016.png,435,340,person,77,65,156,311
FudanPed00016.png,435,340,person,241,69,306,288
FudanPed00016.png,435,340,person,332,84,400,291
FudanPed00016.png,435,340,person,204,76,238,158
FudanPed00016.png,435,340,person,179,72,206,98
FudanPed00016.png,435,340,person,312,83,336,205
FudanPed00016.png,435,340,person,288,75,318,146
FudanPed00017.png,213,274,person,119,37,198,264
FudanPed00017.png,213,274,person,88,39,121,197
FudanPed00017.png,213,274,person,1,41,19,92
FudanPed00019.png,398,354,person,165,97,274,334
FudanPed00019.png,398,354,person,17,104,100,305
FudanPed00021.png,392,302,person,180,67,217,132
FudanPed00021.png,392,302,person,261,52,368,294
FudanPed00021.png,392,302,person,36,76,56,131
FudanPed00024.png,383,302,person,117,66,171,283
FudanPed00025.png,340,295,person,31,69,78,200
FudanPed00025.png,340,295,person,113,60,144,200
FudanPed00025.png,340,295,person,91,59,116,82
FudanPed00025.png,340,295,person,173,56,204,211
FudanPed00025.png,340,295,person,208,53,257,292
FudanPed00025.png,340,295,person,253,47,307,219
FudanPed00025.png,340,295,person,146,39,179,196
FudanPed00026.png,352,342,person,152,69,228,292
FudanPed00026.png,352,342,person,47,55,121,292
FudanPed00029.png,348,323,person,36,61,104,198
FudanPed00029.png,348,323,person,202,54,258,279
FudanPed00036.png,814,355,person,571,102,633,283
FudanPed00036.png,814,355,person,664,87,735,299
FudanPed00036.png,814,355,person,193,103,230,289
FudanPed00036.png,814,355,person,230,101,266,258
FudanPed00036.png,814,355,person,132,80,197,310
FudanPed00039.png,394,390,person,188,104,245,333
FudanPed00039.png,394,390,person,104,107,159,238
FudanPed00040.png,440,386,person,231,137,288,335
FudanPed00040.png,440,386,person,165,119,217,342
FudanPed00041.png,442,406,person,43,152,84,305
FudanPed00041.png,442,406,person,2,126,52,398
FudanPed00041.png,442,406,person,230,147,284,352
FudanPed00041.png,442,406,person,284,129,337,359
FudanPed00041.png,442,406,person,311,122,343,176
FudanPed00041.png,442,406,person,66,128,95,176
FudanPed00041.png,442,406,person,383,117,401,186
FudanPed00042.png,470,438,person,118,143,197,385
FudanPed00042.png,470,438,person,246,123,304,312
FudanPed00042.png,470,438,person,304,134,361,222
FudanPed00042.png,470,438,person,410,131,470,426
FudanPed00042.png,470,438,person,361,218,421,425
FudanPed00043.png,394,414,person,64,110,110,339
FudanPed00043.png,394,414,person,136,109,184,353
FudanPed00043.png,394,414,person,216,103,286,353
FudanPed00043.png,394,414,person,25,127,65,293
FudanPed00043.png,394,414,person,104,107,137,156
FudanPed00043.png,394,414,person,183,104,210,321
FudanPed00043.png,394,414,person,351,118,389,209
FudanPed00044.png,417,395,person,34,98,133,391
FudanPed00044.png,417,395,person,200,134,261,376
FudanPed00044.png,417,395,person,279,139,339,370
FudanPed00044.png,417,395,person,327,115,354,188
FudanPed00044.png,417,395,person,352,125,403,249
FudanPed00044.png,417,395,person,272,126,294,174
FudanPed00044.png,417,395,person,41,121,64,153
FudanPed00045.png,390,430,person,74,162,113,262
FudanPed00045.png,390,430,person,107,157,135,261
FudanPed00045.png,390,430,person,133,148,160,271
FudanPed00045.png,390,430,person,164,153,215,391
FudanPed00045.png,390,430,person,249,153,319,395
FudanPed00045.png,390,430,person,322,169,363,397
FudanPed00045.png,390,430,person,358,142,389,215
FudanPed00046.png,454,350,person,422,94,449,207
FudanPed00046.png,454,350,person,152,98,207,325
FudanPed00046.png,454,350,person,114,93,147,136
FudanPed00046.png,454,350,person,193,89,240,213
FudanPed00046.png,454,350,person,248,90,292,269
FudanPed00046.png,454,350,person,361,82,404,251
FudanPed00046.png,454,350,person,291,93,339,169
FudanPed00046.png,454,350,person,230,87,254,115
FudanPed00046.png,454,350,person,386,80,413,116
FudanPed00047.png,378,416,person,313,137,341,242
FudanPed00047.png,378,416,person,286,146,313,189
FudanPed00047.png,378,416,person,21,151,58,336
FudanPed00047.png,378,416,person,121,159,191,309
FudanPed00047.png,378,416,person,78,151,124,203
FudanPed00047.png,378,416,person,81,132,120,154
FudanPed00047.png,378,416,person,183,152,235,244
FudanPed00047.png,378,416,person,234,159,297,397
FudanPed00047.png,378,416,person,350,135,373,256
FudanPed00048.png,468,447,person,365,200,461,433
FudanPed00048.png,468,447,person,257,192,308,298
FudanPed00048.png,468,447,person,5,196,60,435
FudanPed00048.png,468,447,person,63,186,116,365
FudanPed00048.png,468,447,person,150,169,202,402
FudanPed00048.png,468,447,person,127,176,156,214
FudanPed00051.png,358,401,person,101,149,188,388
FudanPed00056.png,452,465,person,363,196,426,417
FudanPed00056.png,452,465,person,220,205,279,424
FudanPed00056.png,452,465,person,170,205,215,420
FudanPed00057.png,386,415,person,310,88,347,205
FudanPed00057.png,386,415,person,276,93,308,215
FudanPed00057.png,386,415,person,34,69,97,324
FudanPed00057.png,386,415,person,114,63,162,283
FudanPed00057.png,386,415,person,198,64,247,289
FudanPed00057.png,386,415,person,243,91,263,208
FudanPed00057.png,386,415,person,1,86,23,180
FudanPed00058.png,418,383,person,132,72,207,377
FudanPed00058.png,418,383,person,238,78,288,226
FudanPed00058.png,418,383,person,280,77,331,223
FudanPed00058.png,418,383,person,31,94,58,170
FudanPed00058.png,418,383,person,335,101,362,151
FudanPed00058.png,418,383,person,393,99,414,155
FudanPed00058.png,418,383,person,368,100,381,144
FudanPed00058.png,418,383,person,380,109,393,150
FudanPed00059.png,461,295,person,34,44,105,264
FudanPed00059.png,461,295,person,142,32,198,256
FudanPed00059.png,461,295,person,213,34,286,246
FudanPed00060.png,414,352,person,323,115,399,329
FudanPed00060.png,414,352,person,234,101,303,336
FudanPed00060.png,414,352,person,173,113,227,336
FudanPed00061.png,438,326,person,161,58,202,272
FudanPed00061.png,438,326,person,127,62,156,236
FudanPed00061.png,438,326,person,276,67,330,297
FudanPed00061.png,438,326,person,346,69,407,310
FudanPed00063.png,389,287,person,28,30,85,270
FudanPed00063.png,389,287,person,143,36,184,272
FudanPed00063.png,389,287,person,105,29,142,172
FudanPed00063.png,389,287,person,184,29,209,76
FudanPed00063.png,389,287,person,249,42,263,86
FudanPed00064.png,437,336,person,129,77,190,316
FudanPed00064.png,437,336,person,256,77,318,319
FudanPed00064.png,437,336,person,325,80,383,323
FudanPed00065.png,403,329,person,52,57,106,309
FudanPed00065.png,403,329,person,131,66,185,297
FudanPed00065.png,403,329,person,198,69,253,313
FudanPed00065.png,403,329,person,278,64,336,283
FudanPed00065.png,403,329,person,9,42,45,98
FudanPed00071.png,290,282,person,117,32,176,267
FudanPed00071.png,290,282,person,211,26,255,274
FudanPed00071.png,290,282,person,179,41,203,91
FudanPed00071.png,290,282,person,250,23,286,150
FudanPed00071.png,290,282,person,61,36,74,54
FudanPed00073.png,413,314,person,155,50,235,279
FudanPed00073.png,413,314,person,56,56,126,286
FudanPed00074.png,337,296,person,29,37,95,276
FudanPed00074.png,337,296,person,146,47,204,272
guru.jpg,500,286,person,434,34,484,261
guru.jpg,500,286,person,10,58,49,275
guru.jpg,500,286,person,45,45,79,254
guru.jpg,500,286,person,76,50,110,240
guru.jpg,500,286,person,107,54,146,220
guru.jpg,500,286,person,138,50,165,212
guru.jpg,500,286,person,170,45,199,217
guru.jpg,500,286,person,199,41,229,216
guru.jpg,500,286,person,227,62,272,223
guru.jpg,500,286,person,275,46,309,213
guru.jpg,500,286,person,306,42,344,224
guru.jpg,500,286,person,340,29,367,227
guru.jpg,500,286,person,366,48,394,235
guru.jpg,500,286,person,392,32,427,253
guru.jpg,500,286,person,378,1,402,49
hqdefault.jpg,480,360,person,201,1,334,357
images (3).jpg,96,204,person,11,4,85,202
images.jpg,259,194,person,5,32,66,166
images.jpg,259,194,person,101,28,153,165
images.jpg,259,194,person,194,25,236,152
IMG-20170205-WA0038.jpg,1152,864,person,39,478,121,816
IMG-20170205-WA0038.jpg,1152,864,person,126,480,196,770
IMG-20170205-WA0038.jpg,1152,864,person,198,453,274,795
IMG-20170205-WA0038.jpg,1152,864,person,285,455,355,778
IMG-20170205-WA0038.jpg,1152,864,person,352,459,414,774
IMG-20170205-WA0038.jpg,1152,864,person,412,454,497,779
IMG-20170205-WA0038.jpg,1152,864,person,495,471,555,764
IMG-20170205-WA0038.jpg,1152,864,person,560,442,637,767
IMG-20170205-WA0038.jpg,1152,864,person,642,422,743,770
IMG-20170205-WA0038.jpg,1152,864,person,738,437,824,740
IMG-20170205-WA0038.jpg,1152,864,person,820,471,896,721
IMG-20170205-WA0038.jpg,1152,864,person,809,467,893,712
IMG-20170205-WA0038.jpg,1152,864,person,893,458,977,710
IMG-20170205-WA0038.jpg,1152,864,person,981,439,1060,768
IMG-20170205-WA0038.jpg,1152,864,person,1052,443,1152,711
IMG-20170205-WA0038.jpg,1152,864,person,172,396,231,470
IMG-20170205-WA0038.jpg,1152,864,person,258,392,324,455
IMG-20170205-WA0038.jpg,1152,864,person,339,385,393,449
IMG-20170205-WA0038.jpg,1152,864,person,414,384,463,446
IMG-20170205-WA0038.jpg,1152,864,person,496,392,543,460
IMG-20170205-WA0038.jpg,1152,864,person,556,399,602,447
IMG-20170205-WA0038.jpg,1152,864,person,614,400,663,479
IMG-20170205-WA0038.jpg,1152,864,person,708,380,751,478
IMG-20170205-WA0038.jpg,1152,864,person,778,373,842,452
IMG-20170205-WA0038.jpg,1152,864,person,859,389,918,454
IMG-20170205-WA0038.jpg,1152,864,person,243,310,295,387
IMG-20170205-WA0038.jpg,1152,864,person,292,309,326,366
IMG-20170205-WA0038.jpg,1152,864,person,335,295,377,378
IMG-20170205-WA0038.jpg,1152,864,person,379,333,427,388
IMG-20170205-WA0038.jpg,1152,864,person,464,342,510,403
IMG-20170205-WA0038.jpg,1152,864,person,509,337,567,392
IMG-20170205-WA0038.jpg,1152,864,person,576,334,620,408
IMG-20170205-WA0038.jpg,1152,864,person,633,296,700,395
IMG-20170205-WA0038.jpg,1152,864,person,708,335,754,379
IMG-20170205-WA0038.jpg,1152,864,person,766,333,804,370
IMG-20170205-WA0038.jpg,1152,864,person,823,331,893,390
IMG-20170205-WA0038.jpg,1152,864,person,893,292,977,433
IMG-20170205-WA0038.jpg,1152,864,person,409,292,447,339
IMG-20170205-WA0038.jpg,1152,864,person,447,305,497,346
IMG-20170205-WA0038.jpg,1152,864,person,509,307,550,341
IMG-20170205-WA0038.jpg,1152,864,person,555,279,612,339
IMG-20170205-WA0038.jpg,1152,864,person,591,246,643,300
IMG-20170205-WA0038.jpg,1152,864,person,666,217,756,308
IMG-20170205-WA0038.jpg,1152,864,person,777,208,847,287
IMG-20170205-WA0038.jpg,1152,864,person,770,287,809,329
IMG_6769.jpg,720,1280,person,131,47,472,1261
main-qimg-301e3cbdd6457bf7f4d89dda0dbbaf47.jpg,236,396,person,56,15,156,394
p1.jpg,546,354,person,309,54,373,276
p3.jpg,704,401,person,433,90,512,354
p3.jpg,704,401,person,579,57,647,272
p3.jpg,704,401,person,157,52,267,366
p7.jpg,490,326,person,6,106,139,262
p7.jpg,490,326,person,189,115,283,312
p7.jpg,490,326,person,312,64,391,249
p7.jpg,490,326,person,383,20,488,326
p7.jpg,490,326,person,232,34,316,124
p7.jpg,490,326,person,139,22,209,136
PennPed00001.png,490,325,person,66,53,144,282
PennPed00001.png,490,325,person,231,57,267,268
PennPed00001.png,490,325,person,335,29,396,279
PennPed00001.png,490,325,person,424,51,490,250
PennPed00001.png,490,325,person,167,19,209,150
PennPed00001.png,490,325,person,246,37,271,57
PennPed00001.png,490,325,person,303,53,324,169
PennPed00001.png,490,325,person,370,34,393,69
PennPed00001.png,490,325,person,394,27,420,85
PennPed00001.png,490,325,person,415,20,440,74
PennPed00001.png,490,325,person,459,37,484,74
PennPed00002.png,596,302,person,23,65,76,243
PennPed00002.png,596,302,person,65,34,106,224
PennPed00002.png,596,302,person,106,51,146,177
PennPed00002.png,596,302,person,214,64,287,238
PennPed00002.png,596,302,person,308,21,369,250
PennPed00002.png,596,302,person,418,68,458,233
PennPed00002.png,596,302,person,411,35,459,78
PennPed00002.png,596,302,person,493,60,547,266
PennPed00002.png,596,302,person,508,32,560,62
PennPed00003.png,536,334,person,18,26,95,290
PennPed00003.png,536,334,person,359,45,419,277
PennPed00003.png,536,334,person,431,71,505,296
PennPed00003.png,536,334,person,503,61,536,154
PennPed00004.png,629,349,person,60,49,124,315
PennPed00004.png,629,349,person,192,80,258,296
PennPed00004.png,629,349,person,130,71,184,300
PennPed00004.png,629,349,person,345,79,413,312
PennPed00004.png,629,349,person,500,83,563,303
PennPed00005.png,614,363,person,60,103,120,307
PennPed00005.png,614,363,person,135,121,196,302
PennPed00005.png,614,363,person,242,117,315,345
PennPed00005.png,614,363,person,431,130,506,333
PennPed00005.png,614,363,person,490,119,546,302
PennPed00005.png,614,363,person,259,80,294,114
PennPed00006.png,505,349,person,3,84,49,317
PennPed00006.png,505,349,person,92,60,159,324
PennPed00006.png,505,349,person,43,65,91,293
PennPed00006.png,505,349,person,184,73,241,310
PennPed00006.png,505,349,person,378,84,429,332
PennPed00006.png,505,349,person,427,114,483,238
PennPed00007.png,456,330,person,65,45,116,248
PennPed00007.png,456,330,person,119,63,164,245
PennPed00007.png,456,330,person,178,61,236,263
PennPed00007.png,456,330,person,255,55,301,271
PennPed00007.png,456,330,person,352,53,410,232
PennPed00008.png,362,322,person,73,51,144,294
PennPed00008.png,362,322,person,195,59,240,187
PennPed00008.png,362,322,person,245,64,296,195
PennPed00008.png,362,322,person,276,45,311,208
PennPed00008.png,362,322,person,312,46,340,172
PennPed00009.png,518,330,person,201,68,237,245
PennPed00009.png,518,330,person,274,65,306,280
PennPed00009.png,518,330,person,310,80,349,255
PennPed00009.png,518,330,person,393,75,428,305
PennPed00009.png,518,330,person,429,73,459,303
PennPed00009.png,518,330,person,142,72,183,262
PennPed00009.png,518,330,person,59,67,103,203
PennPed00009.png,518,330,person,94,51,127,84
PennPed00009.png,518,330,person,184,66,205,202
PennPed00009.png,518,330,person,235,52,269,198
PennPed00009.png,518,330,person,366,60,397,213
PennPed00009.png,518,330,person,464,68,496,210
PennPed00010.png,600,396,person,33,48,93,263
PennPed00010.png,600,396,person,156,42,211,255
PennPed00010.png,600,396,person,221,95,266,160
PennPed00010.png,600,396,person,272,106,339,373
PennPed00010.png,600,396,person,471,27,539,299
PennPed00010.png,600,396,person,403,53,476,331
PennPed00010.png,600,396,person,332,46,382,324
PennPed00010.png,600,396,person,296,42,335,115
PennPed00011.png,406,301,person,94,46,165,258
PennPed00011.png,406,301,person,200,40,239,284
PennPed00012.png,452,343,person,96,92,161,317
PennPed00014.png,434,294,person,300,47,353,275
PennPed00014.png,434,294,person,193,57,243,254
PennPed00014.png,434,294,person,103,29,154,179
PennPed00014.png,434,294,person,237,30,275,172
PennPed00015.png,725,350,person,600,76,658,296
PennPed00015.png,725,350,person,265,71,351,297
PennPed00015.png,725,350,person,141,78,218,322
PennPed00015.png,725,350,person,580,71,606,205
PennPed00016.png,546,319,person,81,42,118,293
PennPed00016.png,546,319,person,397,54,452,284
PennPed00016.png,546,319,person,444,68,476,172
PennPed00016.png,546,319,person,196,76,251,301
PennPed00016.png,546,319,person,480,90,499,138
PennPed00019.png,587,323,person,28,61,81,286
PennPed00019.png,587,323,person,128,56,180,278
PennPed00019.png,587,323,person,310,38,366,297
PennPed00019.png,587,323,person,382,52,426,285
PennPed00019.png,587,323,person,436,62,486,290
PennPed00019.png,587,323,person,490,65,547,293
PennPed00019.png,587,323,person,266,48,311,287
PennPed00019.png,587,323,person,236,68,258,123
PennPed00019.png,587,323,person,360,72,387,101
PennPed00020.png,577,342,person,140,90,217,294
PennPed00020.png,577,342,person,335,62,396,252
PennPed00020.png,577,342,person,395,58,449,258
PennPed00021.png,570,349,person,67,90,158,320
PennPed00021.png,570,349,person,388,64,457,277
PennPed00021.png,570,349,person,464,87,526,280
PennPed00025.png,360,267,person,155,120,206,217
PennPed00025.png,360,267,person,97,23,158,242
PennPed00025.png,360,267,person,334,13,350,59
PennPed00025.png,360,267,person,316,3,333,61
PennPed00026.png,424,328,person,179,92,234,290
PennPed00026.png,424,328,person,273,76,346,286
PennPed00026.png,424,328,person,12,83,59,120
PennPed00027.png,394,313,person,278,72,341,246
PennPed00027.png,394,313,person,171,60,247,259
PennPed00027.png,394,313,person,109,72,172,296
PennPed00027.png,394,313,person,108,51,142,84
PennPed00028.png,333,294,person,216,38,264,259
PennPed00028.png,333,294,person,174,45,215,206
PennPed00029.png,538,334,person,100,50,169,285
PennPed00029.png,538,334,person,222,78,280,307
PennPed00029.png,538,334,person,311,78,358,301
PennPed00029.png,538,334,person,404,84,472,284
PennPed00031.png,390,272,person,228,31,302,260
PennPed00032.png,299,275,person,91,41,142,252
PennPed00035.png,498,282,person,343,42,426,262
PennPed00035.png,498,282,person,150,19,206,257
PennPed00035.png,498,282,person,116,24,156,225
PennPed00036.png,555,296,person,72,48,123,264
PennPed00036.png,555,296,person,418,25,504,263
PennPed00036.png,555,296,person,480,1,502,64
PennPed00036.png,555,296,person,455,1,480,52
PennPed00042.png,455,275,person,230,29,286,238
PennPed00042.png,455,275,person,328,24,375,240
PennPed00043.png,384,285,person,166,36,220,265
PennPed00043.png,384,285,person,225,61,256,194
PennPed00043.png,384,285,person,124,62,160,191
PennPed00043.png,384,285,person,346,58,363,121
PennPed00043.png,384,285,person,282,46,332,262
PennPed00043.png,384,285,person,329,51,344,77
PennPed00043.png,384,285,person,250,62,270,106
PennPed00043.png,384,285,person,276,61,299,77
PennPed00045.png,554,316,person,74,50,158,284
PennPed00045.png,554,316,person,189,49,248,273
PennPed00045.png,554,316,person,262,58,329,252
PennPed00045.png,554,316,person,438,36,506,266
PennPed00045.png,554,316,person,343,51,384,170
PennPed00045.png,554,316,person,395,48,435,176
PennPed00046.png,427,278,person,26,47,79,249
PennPed00046.png,427,278,person,256,17,336,245
PennPed00046.png,427,278,person,338,44,357,101
PennPed00047.png,400,277,person,113,39,167,263
PennPed00047.png,400,277,person,227,22,277,250
PennPed00047.png,400,277,person,164,27,202,87
PennPed00047.png,400,277,person,289,32,328,141
PennPed00048.png,338,304,person,95,24,152,229
PennPed00048.png,338,304,person,36,26,85,244
PennPed00048.png,338,304,person,218,12,289,282
PennPed00049.png,362,280,person,75,37,137,269
PennPed00049.png,362,280,person,149,35,199,259
PennPed00049.png,362,280,person,202,66,235,185
PennPed00049.png,362,280,person,251,61,295,181
PennPed00049.png,362,280,person,231,55,255,93
PennPed00051.png,578,329,person,59,39,127,234
PennPed00051.png,578,329,person,462,52,505,227
PennPed00051.png,578,329,person,281,54,350,279
PennPed00051.png,578,329,person,372,33,440,271
PennPed00051.png,578,329,person,290,17,336,55
PennPed00053.png,302,275,person,139,19,198,246
PennPed00053.png,302,275,person,31,23,99,237
PennPed00054.png,259,267,person,37,16,89,244
PennPed00055.png,334,282,person,93,40,144,254
PennPed00055.png,334,282,person,42,9,98,211
PennPed00056.png,494,336,person,206,75,248,304
PennPed00056.png,494,336,person,109,94,154,309
PennPed00056.png,494,336,person,144,84,206,316
PennPed00056.png,494,336,person,186,86,210,121
PennPed00056.png,494,336,person,406,75,429,110
PennPed00056.png,494,336,person,482,82,493,108
PennPed00056.png,494,336,person,381,86,403,109
PennPed00056.png,494,336,person,77,97,101,123
PennPed00056.png,494,336,person,39,93,67,121
PennPed00056.png,494,336,person,281,82,317,164
PennPed00056.png,494,336,person,331,89,377,143
PennPed00057.png,297,291,person,129,55,181,279
PennPed00057.png,297,291,person,162,17,205,206
PennPed00058.png,407,304,person,284,53,351,285
PennPed00058.png,407,304,person,155,18,190,238
PennPed00058.png,407,304,person,249,13,286,205
PennPed00058.png,407,304,person,193,21,236,221
PennPed00058.png,407,304,person,1,33,21,102
PennPed00058.png,407,304,person,81,40,111,95
PennPed00058.png,407,304,person,37,35,54,57
PennPed00059.png,466,290,person,70,31,142,269
PennPed00059.png,466,290,person,330,22,403,254
PennPed00060.png,404,281,person,232,65,301,245
PennPed00060.png,404,281,person,311,22,378,254
PennPed00060.png,404,281,person,43,17,92,251
PennPed00060.png,404,281,person,165,15,213,169
PennPed00060.png,404,281,person,97,22,141,182
PennPed00060.png,404,281,person,122,15,141,44
PennPed00061.png,251,256,person,33,9,95,238
PennPed00061.png,251,256,person,192,45,223,117
PennPed00062.png,317,252,person,1,31,27,181
PennPed00062.png,317,252,person,74,6,137,238
PennPed00062.png,317,252,person,152,23,205,241
PennPed00062.png,317,252,person,260,40,292,180
PennPed00062.png,317,252,person,213,41,246,123
PennPed00063.png,342,280,person,51,62,85,114
PennPed00063.png,342,280,person,1,60,15,104
PennPed00063.png,342,280,person,109,38,148,271
PennPed00063.png,342,280,person,140,16,177,74
PennPed00064.png,296,258,person,205,19,262,249
PennPed00064.png,296,258,person,83,38,110,75
PennPed00064.png,296,258,person,30,33,58,70
PennPed00066.png,342,300,person,251,24,306,246
PennPed00066.png,342,300,person,29,57,90,283
PennPed00066.png,342,300,person,82,23,133,264
PennPed00066.png,342,300,person,232,68,250,94
PennPed00067.png,296,254,person,68,11,135,222
PennPed00067.png,296,254,person,243,48,275,102
PennPed00069.png,310,276,person,52,35,112,250
PennPed00069.png,310,276,person,150,32,213,237
PennPed00071.png,614,303,person,50,14,133,279
PennPed00071.png,614,303,person,240,33,309,233
PennPed00071.png,614,303,person,385,14,451,228
PennPed00071.png,614,303,person,495,9,555,226
PennPed00071.png,614,303,person,453,37,490,149
PennPed00071.png,614,303,person,561,35,597,147
PennPed00072.png,378,278,person,133,18,209,260
PennPed00072.png,378,278,person,258,41,314,273
PennPed00073.png,463,291,person,263,37,340,268
PennPed00073.png,463,291,person,160,32,215,263
PennPed00073.png,463,291,person,87,23,151,257
PennPed00074.png,354,266,person,252,24,317,243
PennPed00074.png,354,266,person,179,17,219,231
PennPed00074.png,354,266,person,119,34,175,230
PennPed00076.png,274,278,person,179,23,238,239
PennPed00077.png,282,258,person,58,23,133,243
PennPed00080.png,348,289,person,65,27,130,260
PennPed00080.png,348,289,person,180,32,240,254
PennPed00080.png,348,289,person,261,32,323,248
PennPed00081.png,449,310,person,133,67,187,277
PennPed00081.png,449,310,person,280,51,346,277
PennPed00081.png,449,310,person,193,39,265,281
PennPed00082.png,318,257,person,99,15,177,244
PennPed00084.png,296,285,person,121,73,157,206
PennPed00084.png,296,285,person,166,34,223,258
PennPed00084.png,296,285,person,221,15,276,263
PennPed00085.png,322,273,person,212,27,269,238
PennPed00085.png,322,273,person,83,17,137,237
PennPed00089.png,342,254,person,139,6,219,236
PennPed00089.png,342,254,person,69,20,126,232
PennPed00090.png,400,296,person,197,32,282,261
PennPed00090.png,400,296,person,82,15,148,281
PennPed00090.png,400,296,person,44,27,81,279
PennPed00091.png,298,259,person,184,18,251,230
PennPed00092.png,480,358,person,273,75,348,306
PennPed00092.png,480,358,person,119,59,240,351
PennPed00096.png,235,265,person,90,18,156,255
PennPed00096.png,235,265,person,5,30,71,256
person_007.bmp,240,320,person,70,51,128,239
person_044.bmp,320,240,person,11,76,35,140
person_044.bmp,320,240,person,149,58,195,195
person_128.bmp,320,240,person,183,72,215,157
person_128.bmp,320,240,person,284,43,300,92
person_128.bmp,320,240,person,97,54,129,160
person_128.bmp,320,240,person,135,57,173,157
person_128.bmp,320,240,person,40,50,56,100
person_128.bmp,320,240,person,31,52,42,94
person_128.bmp,320,240,person,224,49,231,68
person_128.bmp,320,240,person,95,46,110,60
person_130.bmp,320,240,person,151,41,191,138
person_130.bmp,320,240,person,100,76,178,216
person_130.bmp,320,240,person,132,41,146,86
person_130.bmp,320,240,person,112,41,123,69
person_130.bmp,320,240,person,99,39,111,61
person_236.bmp,320,240,person,52,103,69,163
person_236.bmp,320,240,person,79,94,97,166
person_236.bmp,320,240,person,109,76,131,166
person_236.bmp,320,240,person,52,65,76,101
person_236.bmp,320,240,person,164,69,195,199
person_236.bmp,320,240,person,270,77,300,180
person_236.bmp,320,240,person,242,83,265,174
person_236.bmp,320,240,person,191,76,211,152
person_236.bmp,320,240,person,222,83,243,167
person_236.bmp,320,240,person,212,72,221,103
person_237.bmp,320,240,person,255,58,269,112
person_237.bmp,320,240,person,227,68,245,118
person_237.bmp,320,240,person,164,59,200,206
person_237.bmp,320,240,person,119,72,155,203
person_237.bmp,320,240,person,146,65,164,86
person_263.bmp,320,240,person,143,67,180,226
person_263.bmp,320,240,person,99,62,136,225
person_263.bmp,320,240,person,43,61,87,152
person_263.bmp,320,240,person,3,93,28,146
person_263.bmp,320,240,person,184,78,213,199
person_265.bmp,320,240,person,247,84,283,197
person_265.bmp,320,240,person,204,83,233,194
person_265.bmp,320,240,person,159,94,190,194
person_265.bmp,320,240,person,36,38,89,194
person_276.bmp,320,240,person,10,131,22,161
person_276.bmp,320,240,person,55,134,69,170
person_276.bmp,320,240,person,95,175,120,225
person_276.bmp,320,240,person,116,136,125,172
person_276.bmp,320,240,person,140,135,151,171
person_276.bmp,320,240,person,165,135,179,170
person_276.bmp,320,240,person,183,125,193,159
person_276.bmp,320,240,person,286,132,299,150
person_276.bmp,320,240,person,1,224,27,240
person_276.bmp,320,240,person,220,206,252,240
person_276.bmp,320,240,person,190,212,219,240
person_276.bmp,320,240,person,273,183,288,207
person_276.bmp,320,240,person,288,180,304,203
person_279.bmp,320,240,person,226,99,266,180
person_279.bmp,320,240,person,150,177,177,237
person_279.bmp,320,240,person,62,90,84,152
person_279.bmp,320,240,person,99,88,121,159
person_279.bmp,320,240,person,133,112,155,174
person_279.bmp,320,240,person,58,24,82,55
person_290.bmp,320,240,person,147,74,202,218
person_308.bmp,320,240,person,124,4,149,34
person_308.bmp,320,240,person,96,74,207,118
person_311.bmp,320,240,person,78,116,111,196
person_311.bmp,320,240,person,171,70,205,199
person_311.bmp,320,240,person,205,92,223,177
person_338.bmp,320,240,person,75,62,152,232
person_338.bmp,320,240,person,132,48,171,107
person_406.bmp,320,240,person,112,40,155,119
person_406.bmp,320,240,person,47,127,116,186
person_406.bmp,320,240,person,151,132,224,207
person_410.bmp,320,240,person,54,136,88,216
person_410.bmp,320,240,person,130,81,173,156
person_410.bmp,320,240,person,181,97,231,167
person_418.bmp,320,240,person,151,88,189,177
person_421.bmp,320,240,person,150,153,172,203
person_421.bmp,320,240,person,129,144,146,192
person_421.bmp,320,240,person,154,124,169,152
person_421.bmp,320,240,person,123,69,138,109
person_422.bmp,320,240,person,159,114,177,203
person_422.bmp,320,240,person,133,116,160,206
person_422.bmp,320,240,person,185,80,205,161
person_422.bmp,320,240,person,206,69,217,135
person_423.bmp,320,240,person,182,105,196,164
person_423.bmp,320,240,person,195,93,211,148
person_423.bmp,320,240,person,120,73,132,98
person_423.bmp,320,240,person,141,52,151,88
person_423.bmp,320,240,person,151,56,159,90
SAI-PALLAVI-620x413.jpg,620,413,person,219,13,371,407
saree3.jpg,720,720,person,5,209,126,714
saree3.jpg,720,720,person,128,210,295,718
saree3.jpg,720,720,person,294,211,414,706
saree3.jpg,720,720,person,438,232,579,720
saree3.jpg,720,720,person,592,217,711,719
saree3.jpg,720,720,person,402,206,479,307
Sareegirlsset21 (5).jpg,1600,1200,person,1195,149,1459,1147
Sareegirlsset21 (5).jpg,1600,1200,person,975,236,1184,1147
Sareegirlsset21 (5).jpg,1600,1200,person,662,142,980,1129
Sareegirlsset21 (5).jpg,1600,1200,person,273,158,673,1162
Sareegirlsset21 (5).jpg,1600,1200,person,1473,503,1546,585
Sareegirlsset21 (5).jpg,1600,1200,person,1528,451,1600,561
seq_000001.jpg,640,480,person,555,286,597,411
seq_000001.jpg,640,480,person,516,309,553,440
seq_000001.jpg,640,480,person,381,297,418,413
seq_000001.jpg,640,480,person,351,428,404,480
seq_000001.jpg,640,480,person,299,443,354,478
seq_000001.jpg,640,480,person,107,359,156,477
seq_000001.jpg,640,480,person,37,214,72,313
seq_000001.jpg,640,480,person,2,202,34,321
seq_000001.jpg,640,480,person,123,227,157,324
seq_000001.jpg,640,480,person,196,207,229,259
seq_000001.jpg,640,480,person,307,240,343,351
seq_000001.jpg,640,480,person,348,239,379,324
seq_000001.jpg,640,480,person,135,177,164,224
seq_000001.jpg,640,480,person,182,61,200,113
seq_000001.jpg,640,480,person,164,63,180,125
seq_000001.jpg,640,480,person,124,97,147,140
seq_000001.jpg,640,480,person,513,113,531,195
seq_000001.jpg,640,480,person,553,126,585,221
seq_000009.jpg,640,480,person,86,193,116,290
seq_000009.jpg,640,480,person,194,104,221,169
seq_000009.jpg,640,480,person,118,114,149,194
seq_000009.jpg,640,480,person,481,320,526,445
seq_000009.jpg,640,480,person,434,301,475,446
seq_000009.jpg,640,480,person,388,318,428,448
seq_000009.jpg,640,480,person,156,366,205,474
seq_000009.jpg,640,480,person,120,48,144,99
seq_000009.jpg,640,480,person,374,97,399,167
seq_000009.jpg,640,480,person,229,197,253,238
seq_000009.jpg,640,480,person,453,80,485,164
seq_000009.jpg,640,480,person,456,37,475,79
seq_000009.jpg,640,480,person,433,34,456,86
seq_000017.jpg,640,480,person,505,269,543,346
seq_000017.jpg,640,480,person,293,291,339,416
seq_000017.jpg,640,480,person,74,330,113,447
seq_000017.jpg,640,480,person,40,309,79,431
seq_000017.jpg,640,480,person,453,270,488,386
seq_000017.jpg,640,480,person,445,218,495,264
seq_000017.jpg,640,480,person,552,116,581,216
seq_000017.jpg,640,480,person,460,140,494,216
seq_000017.jpg,640,480,person,426,148,461,219
seq_000017.jpg,640,480,person,490,75,513,143
seq_000017.jpg,640,480,person,457,82,488,137
seq_000017.jpg,640,480,person,403,64,427,122
seq_000017.jpg,640,480,person,156,64,178,111
seq_000017.jpg,640,480,person,212,197,245,252
seq_000017.jpg,640,480,person,2,234,29,318
seq_000017.jpg,640,480,person,40,224,73,303
seq_000017.jpg,640,480,person,104,197,130,293
seq_000017.jpg,640,480,person,80,190,98,232
seq_000017.jpg,640,480,person,107,195,129,294
seq_000017.jpg,640,480,person,132,194,154,297
seq_000017.jpg,640,480,person,169,216,202,264
seq_000017.jpg,640,480,person,163,179,191,212
seq_000017.jpg,640,480,person,136,94,163,145
seq_000017.jpg,640,480,person,118,54,144,87
seq_000025.jpg,640,480,person,57,313,103,439
seq_000025.jpg,640,480,person,102,312,150,429
seq_000025.jpg,640,480,person,291,308,342,433
seq_000025.jpg,640,480,person,359,251,399,375
seq_000025.jpg,640,480,person,402,262,438,383
seq_000025.jpg,640,480,person,453,275,484,397
seq_000025.jpg,640,480,person,486,263,518,333
seq_000025.jpg,640,480,person,599,337,637,467
seq_000025.jpg,640,480,person,507,334,548,453
seq_000025.jpg,640,480,person,140,229,175,295
seq_000025.jpg,640,480,person,205,197,250,267
seq_000025.jpg,640,480,person,390,137,421,228
seq_000025.jpg,640,480,person,551,119,580,210
seq_000025.jpg,640,480,person,153,114,186,188
seq_000025.jpg,640,480,person,109,118,137,203
seq_000025.jpg,640,480,person,410,101,426,129
seq_000025.jpg,640,480,person,426,69,445,145
seq_000025.jpg,640,480,person,454,66,472,134
seq_000025.jpg,640,480,person,200,89,223,162
seq_000025.jpg,640,480,person,121,94,140,110
seq_000033.jpg,640,480,person,280,358,335,478
seq_000033.jpg,640,480,person,41,384,94,437
seq_000033.jpg,640,480,person,2,391,47,478
seq_000033.jpg,640,480,person,88,431,145,480
seq_000033.jpg,640,480,person,416,168,461,262
seq_000033.jpg,640,480,person,464,176,495,280
seq_000033.jpg,640,480,person,511,197,544,299
seq_000033.jpg,640,480,person,549,183,579,298
seq_000033.jpg,640,480,person,9,222,53,278
seq_000033.jpg,640,480,person,70,176,113,280
seq_000033.jpg,640,480,person,135,170,166,258
seq_000033.jpg,640,480,person,116,140,140,207
seq_000033.jpg,640,480,person,152,132,180,167
seq_000033.jpg,640,480,person,217,146,243,181
seq_000033.jpg,640,480,person,457,124,488,167
seq_000033.jpg,640,480,person,512,121,538,184
seq_000033.jpg,640,480,person,553,122,591,184
seq_000033.jpg,640,480,person,437,87,461,148
seq_000033.jpg,640,480,person,133,53,153,99
seq_000033.jpg,640,480,person,151,45,173,106
seq_000040.jpg,640,480,person,533,211,572,321
seq_000040.jpg,640,480,person,492,226,532,342
seq_000040.jpg,640,480,person,466,294,500,353
seq_000040.jpg,640,480,person,453,217,493,287
seq_000040.jpg,640,480,person,380,297,429,434
seq_000040.jpg,640,480,person,402,424,466,478
seq_000040.jpg,640,480,person,514,443,563,480
seq_000040.jpg,640,480,person,143,371,181,480
seq_000040.jpg,640,480,person,105,210,150,321
seq_000040.jpg,640,480,person,61,213,99,313
seq_000040.jpg,640,480,person,198,128,225,211
seq_000040.jpg,640,480,person,167,140,194,221
seq_000040.jpg,640,480,person,144,128,167,210
seq_000040.jpg,640,480,person,191,68,229,127
seq_000040.jpg,640,480,person,122,98,140,139
seq_000053.jpg,640,480,person,524,202,580,310
seq_000053.jpg,640,480,person,88,348,142,472
seq_000053.jpg,640,480,person,149,200,188,267
seq_000053.jpg,640,480,person,121,162,154,257
seq_000053.jpg,640,480,person,148,110,188,187
seq_000053.jpg,640,480,person,117,116,148,156
seq_000053.jpg,640,480,person,119,32,148,91
seq_000053.jpg,640,480,person,199,29,218,75
seq_000059.jpg,640,480,person,87,351,143,469
seq_000059.jpg,640,480,person,234,219,258,263
seq_000059.jpg,640,480,person,389,103,416,149
seq_000059.jpg,640,480,person,462,56,488,106
seq_000059.jpg,640,480,person,483,53,504,126
seq_000059.jpg,640,480,person,138,72,174,137
seq_000059.jpg,640,480,person,170,65,196,146
seq_000064.jpg,640,480,person,100,337,155,470
seq_000064.jpg,640,480,person,156,344,211,480
seq_000064.jpg,640,480,person,388,98,425,171
seq_000064.jpg,640,480,person,469,87,502,157
seq_000064.jpg,640,480,person,497,96,527,157
seq_000064.jpg,640,480,person,110,148,141,244
seq_000064.jpg,640,480,person,143,165,182,253
seq_000064.jpg,640,480,person,201,145,239,252
seq_000064.jpg,640,480,person,148,117,173,169
seq_000064.jpg,640,480,person,186,105,216,148
seq_000064.jpg,640,480,person,145,48,167,106
seq_000064.jpg,640,480,person,208,50,230,99
seq_000064.jpg,640,480,person,284,311,312,399
seq_000177.jpg,640,480,person,418,305,475,433
seq_000177.jpg,640,480,person,343,294,403,430
seq_000177.jpg,640,480,person,163,355,207,475
seq_000177.jpg,640,480,person,104,283,132,320
seq_000177.jpg,640,480,person,126,302,152,415
seq_000177.jpg,640,480,person,140,50,169,99
seq_000177.jpg,640,480,person,414,59,434,122
seq_000177.jpg,640,480,person,385,64,410,129
seq_000194.jpg,640,480,person,102,364,152,468
seq_000194.jpg,640,480,person,494,390,544,476
seq_000194.jpg,640,480,person,438,383,497,473
seq_000194.jpg,640,480,person,168,153,214,243
seq_000194.jpg,640,480,person,72,224,121,312
seq_000194.jpg,640,480,person,33,222,64,311
seq_000194.jpg,640,480,person,370,175,399,259
seq_000194.jpg,640,480,person,423,134,453,233
seq_000194.jpg,640,480,person,475,140,503,244
seq_000194.jpg,640,480,person,507,99,538,177
seq_000194.jpg,640,480,person,489,106,509,135
seq_000194.jpg,640,480,person,164,43,188,99
seq_000197.jpg,640,480,person,56,258,103,371
seq_000197.jpg,640,480,person,113,369,168,473
seq_000197.jpg,640,480,person,403,311,451,441
seq_000197.jpg,640,480,person,543,252,577,396
seq_000197.jpg,640,480,person,502,242,539,383
seq_000197.jpg,640,480,person,429,240,464,309
seq_000197.jpg,640,480,person,421,186,459,244
seq_000197.jpg,640,480,person,470,197,497,289
seq_000197.jpg,640,480,person,510,131,544,216
seq_000197.jpg,640,480,person,491,146,516,190
seq_000197.jpg,640,480,person,172,146,207,230
seq_000197.jpg,640,480,person,134,147,175,225
seq_000197.jpg,640,480,person,123,49,145,107
seq_000197.jpg,640,480,person,180,42,197,99
seq_000197.jpg,640,480,person,166,46,181,108
seq_000274.jpg,640,480,person,452,218,499,336
seq_000274.jpg,640,480,person,408,232,451,340
seq_000274.jpg,640,480,person,114,351,165,456
seq_000274.jpg,640,480,person,2,228,40,341
seq_000274.jpg,640,480,person,75,187,111,276
seq_000274.jpg,640,480,person,151,226,186,274
seq_000274.jpg,640,480,person,121,189,146,289
seq_000274.jpg,640,480,person,482,117,513,191
seq_000274.jpg,640,480,person,453,106,478,200
seq_000274.jpg,640,480,person,417,143,447,217
seq_000274.jpg,640,480,person,383,147,413,222
seq_000274.jpg,640,480,person,395,110,419,140
seq_000274.jpg,640,480,person,197,70,232,124
seq_000290.jpg,640,480,person,160,371,202,470
seq_000290.jpg,640,480,person,470,334,501,471
seq_000290.jpg,640,480,person,515,324,555,451
seq_000290.jpg,640,480,person,570,326,614,458
seq_000290.jpg,640,480,person,432,297,471,421
seq_000290.jpg,640,480,person,467,276,501,326
seq_000290.jpg,640,480,person,528,267,555,324
seq_000290.jpg,640,480,person,588,278,622,315
seq_000290.jpg,640,480,person,471,104,505,168
seq_000290.jpg,640,480,person,443,102,465,173
seq_000290.jpg,640,480,person,130,110,167,180
seq_000290.jpg,640,480,person,175,92,198,158
seq_000290.jpg,640,480,person,131,75,154,103
seq_000298.jpg,640,480,person,2,272,32,374
seq_000298.jpg,640,480,person,44,259,86,366
seq_000298.jpg,640,480,person,98,356,148,470
seq_000298.jpg,640,480,person,97,270,139,332
seq_000298.jpg,640,480,person,153,236,183,280
seq_000298.jpg,640,480,person,411,237,450,329
seq_000298.jpg,640,480,person,451,240,494,353
seq_000298.jpg,640,480,person,538,187,573,287
seq_000298.jpg,640,480,person,507,193,545,299
seq_000298.jpg,640,480,person,466,160,494,234
seq_000298.jpg,640,480,person,199,161,233,248
seq_000298.jpg,640,480,person,162,99,191,143
seq_000298.jpg,640,480,person,126,145,156,228
seq_000298.jpg,640,480,person,157,148,186,225
seq_000298.jpg,640,480,person,406,124,438,198
seq_000298.jpg,640,480,person,458,105,487,147
seq_000298.jpg,640,480,person,374,121,409,202
seq_000302.jpg,640,480,person,43,267,81,372
seq_000302.jpg,640,480,person,163,355,194,426
seq_000302.jpg,640,480,person,482,248,520,350
seq_000302.jpg,640,480,person,516,242,553,359
seq_000302.jpg,640,480,person,149,150,186,240
seq_000302.jpg,640,480,person,126,156,156,249
seq_000302.jpg,640,480,person,86,164,122,248
seq_000302.jpg,640,480,person,488,88,521,170
seq_000302.jpg,640,480,person,451,64,475,121
seq_000302.jpg,640,480,person,424,66,444,130
seq_000302.jpg,640,480,person,205,89,231,149
seq_000302.jpg,640,480,person,183,99,207,154
seq_000302.jpg,640,480,person,159,92,182,140
seq_000464.jpg,640,480,person,98,145,134,223
seq_000464.jpg,640,480,person,143,142,170,229
seq_000464.jpg,640,480,person,171,106,209,186
seq_000464.jpg,640,480,person,407,70,437,136
seq_000464.jpg,640,480,person,497,96,523,169
seq_000464.jpg,640,480,person,476,97,499,172
seq_000464.jpg,640,480,person,390,315,467,462
seq_000464.jpg,640,480,person,134,348,172,470
seq_000464.jpg,640,480,person,179,358,222,467
seq_000464.jpg,640,480,person,529,239,564,337
seq_000464.jpg,640,480,person,491,247,528,331
seq_000464.jpg,640,480,person,485,355,534,434
seq_000464.jpg,640,480,person,543,348,599,429
seq_000464.jpg,640,480,person,563,429,605,479
seq_000464.jpg,640,480,person,501,440,544,480
seq_000472.jpg,640,480,person,142,353,178,469
seq_000472.jpg,640,480,person,176,361,221,477
seq_000472.jpg,640,480,person,229,351,278,470
seq_000472.jpg,640,480,person,302,270,341,377
seq_000472.jpg,640,480,person,54,221,82,318
seq_000472.jpg,640,480,person,118,273,155,349
seq_000472.jpg,640,480,person,167,187,212,257
seq_000472.jpg,640,480,person,538,159,582,267
seq_000472.jpg,640,480,person,285,245,305,269
seq_000472.jpg,640,480,person,135,72,162,137
seq_000472.jpg,640,480,person,121,78,137,142
seq_000472.jpg,640,480,person,175,66,200,132
seq_000472.jpg,640,480,person,207,60,232,126
seq_000472.jpg,640,480,person,465,59,489,104
seq_000481.jpg,640,480,person,7,353,45,472
seq_000481.jpg,640,480,person,129,345,175,472
seq_000481.jpg,640,480,person,176,362,218,480
seq_000481.jpg,640,480,person,245,350,303,480
seq_000481.jpg,640,480,person,498,390,563,476
seq_000481.jpg,640,480,person,45,225,79,327
seq_000481.jpg,640,480,person,76,206,110,302
seq_000481.jpg,640,480,person,122,183,160,273
seq_000481.jpg,640,480,person,177,179,205,259
seq_000481.jpg,640,480,person,212,189,236,266
seq_000481.jpg,640,480,person,318,251,359,327
seq_000481.jpg,640,480,person,283,245,303,324
seq_000481.jpg,640,480,person,457,84,484,156
seq_000481.jpg,640,480,person,484,84,508,156
seq_000481.jpg,640,480,person,109,138,140,178
seq_000481.jpg,640,480,person,202,97,236,160
seq_000481.jpg,640,480,person,119,54,137,104
seq_000619.jpg,640,480,person,18,292,74,416
seq_000619.jpg,640,480,person,79,282,116,416
seq_000619.jpg,640,480,person,127,274,156,392
seq_000619.jpg,640,480,person,317,344,359,416
seq_000619.jpg,640,480,person,332,421,372,470
seq_000619.jpg,640,480,person,175,352,205,399
seq_000619.jpg,640,480,person,201,376,231,471
seq_000619.jpg,640,480,person,509,319,551,463
seq_000619.jpg,640,480,person,555,268,599,416
seq_000619.jpg,640,480,person,478,265,509,316
seq_000619.jpg,640,480,person,480,194,510,266
seq_000619.jpg,640,480,person,151,132,175,222
seq_000619.jpg,640,480,person,183,138,210,218
seq_000619.jpg,640,480,person,70,223,105,270
seq_000619.jpg,640,480,person,18,213,53,278
seq_000619.jpg,640,480,person,58,203,74,253
seq_000619.jpg,640,480,person,258,114,281,185
seq_000619.jpg,640,480,person,480,55,497,119
seq_000619.jpg,640,480,person,462,56,484,116
seq_000619.jpg,640,480,person,133,80,151,137
seq_000619.jpg,640,480,person,152,81,170,140
seq_000619.jpg,640,480,person,176,82,203,136
seq_000619.jpg,640,480,person,169,47,181,72
seq_000679.jpg,640,480,person,484,136,513,218
seq_000679.jpg,640,480,person,521,164,538,213
seq_000679.jpg,640,480,person,540,135,567,212
seq_000679.jpg,640,480,person,437,402,472,480
seq_000679.jpg,640,480,person,472,363,529,472
seq_000679.jpg,640,480,person,337,297,380,428
seq_000679.jpg,640,480,person,75,245,124,351
seq_000679.jpg,640,480,person,175,356,210,462
seq_000679.jpg,640,480,person,215,366,246,465
seq_000679.jpg,640,480,person,252,365,292,467
seq_000679.jpg,640,480,person,294,375,329,480
seq_000679.jpg,640,480,person,86,164,121,244
seq_000679.jpg,640,480,person,139,124,173,199
seq_000679.jpg,640,480,person,175,121,213,201
seq_000679.jpg,640,480,person,393,41,417,91
seq_000679.jpg,640,480,person,201,87,222,127
seq_000679.jpg,640,480,person,227,93,248,151
seq_000679.jpg,640,480,person,152,26,175,70
seq_000956.jpg,640,480,person,534,290,580,443
seq_000956.jpg,640,480,person,486,307,524,443
seq_000956.jpg,640,480,person,551,228,586,285
seq_000956.jpg,640,480,person,424,221,461,320
seq_000956.jpg,640,480,person,307,245,353,326
seq_000956.jpg,640,480,person,98,364,140,472
seq_000956.jpg,640,480,person,195,388,230,472
seq_000956.jpg,640,480,person,234,375,278,474
seq_000956.jpg,640,480,person,295,343,331,452
seq_000956.jpg,640,480,person,264,335,297,387
seq_000956.jpg,640,480,person,13,320,53,462
seq_000956.jpg,640,480,person,34,297,66,372
seq_000956.jpg,640,480,person,59,281,90,380
seq_000956.jpg,640,480,person,37,226,63,302
seq_000956.jpg,640,480,person,62,232,92,267
seq_000956.jpg,640,480,person,148,122,187,213
seq_000956.jpg,640,480,person,111,131,145,227
seq_000956.jpg,640,480,person,416,126,443,211
seq_000956.jpg,640,480,person,448,132,468,203
seq_000956.jpg,640,480,person,476,146,494,200
seq_000956.jpg,640,480,person,501,121,532,199
seq_000956.jpg,640,480,person,163,93,189,123
seq_000956.jpg,640,480,person,134,62,161,100
seq_000956.jpg,640,480,person,173,46,197,86
seq_000966.jpg,640,480,person,463,287,524,409
seq_000966.jpg,640,480,person,560,293,599,416
seq_000966.jpg,640,480,person,487,189,524,275
seq_000966.jpg,640,480,person,447,182,476,289
seq_000966.jpg,640,480,person,306,243,350,331
seq_000966.jpg,640,480,person,8,294,53,407
seq_000966.jpg,640,480,person,60,273,99,397
seq_000966.jpg,640,480,person,308,334,358,444
seq_000966.jpg,640,480,person,409,80,446,153
seq_000966.jpg,640,480,person,395,440,446,480
seq_000966.jpg,640,480,person,348,438,386,479
seq_000966.jpg,640,480,person,122,348,168,470
seq_000966.jpg,640,480,person,164,370,204,463
seq_000966.jpg,640,480,person,235,370,274,468
seq_000966.jpg,640,480,person,313,339,356,436
seq_000966.jpg,640,480,person,267,307,310,422
seq_000966.jpg,640,480,person,92,154,126,240
seq_000966.jpg,640,480,person,163,156,201,236
seq_000966.jpg,640,480,person,213,159,247,239
seq_000966.jpg,640,480,person,248,101,275,173
seq_000966.jpg,640,480,person,479,72,499,145
seq_000966.jpg,640,480,person,510,82,532,145
seq_000966.jpg,640,480,person,163,92,203,134
seq_000966.jpg,640,480,person,130,72,156,127
wedding-saree-photos-shades-photography-re.jpg,822,527,person,462,35,656,524
